-- Simple SQL data backup generated by Prisma

INSERT INTO "user" ("id", "email", "password", "firstName", "lastName", "middleName", "contactNumber", "address", "status", "otpEnabled", "createdAt", "updatedAt") VALUES ('cmh998143000cvldcoazutxs8', 'admin@theycare.com', '$2b$10$9WsYpejW3NUv3R.WETVtu.GVHG.BwQuISpLGU5EGxmcomAW3vRP.G', 'System', 'Admin', NULL, '09123456789', 'Barangay Hall', 'ACTIVE', FALSE, 'Mon Oct 27 2025 22:49:56 GMT+0800 (Philippine Standard Time)', 'Tue Oct 28 2025 15:39:28 GMT+0800 (Philippine Standard Time)');
INSERT INTO "user" ("id", "email", "password", "firstName", "lastName", "middleName", "contactNumber", "address", "status", "otpEnabled", "createdAt", "updatedAt") VALUES ('cmh998143000evldcsmyq8swd', 'bhw@theycare.com', '$2b$10$9WsYpejW3NUv3R.WETVtu.GVHG.BwQuISpLGU5EGxmcomAW3vRP.G', 'Maria', 'Santos', NULL, '09123456790', 'Purok 1', 'ACTIVE', FALSE, 'Mon Oct 27 2025 22:49:56 GMT+0800 (Philippine Standard Time)', 'Mon Oct 27 2025 22:49:56 GMT+0800 (Philippine Standard Time)');
INSERT INTO "user" ("id", "email", "password", "firstName", "lastName", "middleName", "contactNumber", "address", "status", "otpEnabled", "createdAt", "updatedAt") VALUES ('cmh9z8czo0000vlt8ex5mfq1m', 'resident@gmail.com', '$2b$10$JEgjCweeRYq6WdtXAJegye5Xr1RPMNyDP5VAgprTT3XdTP3nANiyK', 'juan', 'two', NULL, '09159955492', 'daraga', 'ACTIVE', FALSE, 'Tue Oct 28 2025 10:58:02 GMT+0800 (Philippine Standard Time)', 'Tue Oct 28 2025 10:58:02 GMT+0800 (Philippine Standard Time)');
INSERT INTO "user" ("id", "email", "password", "firstName", "lastName", "middleName", "contactNumber", "address", "status", "otpEnabled", "createdAt", "updatedAt") VALUES ('cmh998143000dvldcwi7cg3xy', 'parent@theycare.com', '$2b$10$9WsYpejW3NUv3R.WETVtu.GVHG.BwQuISpLGU5EGxmcomAW3vRP.G', 'Juan', 'Dela Cruz', NULL, '09123456791', 'Purok 2', 'ACTIVE', FALSE, 'Mon Oct 27 2025 22:49:56 GMT+0800 (Philippine Standard Time)', 'Tue Oct 28 2025 11:03:11 GMT+0800 (Philippine Standard Time)');
INSERT INTO "user" ("id", "email", "password", "firstName", "lastName", "middleName", "contactNumber", "address", "status", "otpEnabled", "createdAt", "updatedAt") VALUES ('cmha628vr0009vl7kvg509w7n', 'anne@gmail.com', '$2b$10$7NAyTDTnyYmrDTYzrJcT4OmOuIoCyOPFaUmp.Cl7DTBPvFLHtEaLe', 'Anne', 'Smith', NULL, '091234567891', 'Daraga, Albay', 'ACTIVE', FALSE, 'Tue Oct 28 2025 14:09:14 GMT+0800 (Philippine Standard Time)', 'Tue Oct 28 2025 14:09:14 GMT+0800 (Philippine Standard Time)');
INSERT INTO "user" ("id", "email", "password", "firstName", "lastName", "middleName", "contactNumber", "address", "status", "otpEnabled", "createdAt", "updatedAt") VALUES ('cmha7xbb6000pvl7k7m1dexac', 'ethancruz@gmail.com', '$2b$10$lsVWeeweddFbq9.lTyuloevDHfq5yKUA7bXd8SMGzJH7LN/s.seUa', 'Ethan', 'Cruz', NULL, '+639159955492', '', 'ACTIVE', FALSE, 'Tue Oct 28 2025 15:01:23 GMT+0800 (Philippine Standard Time)', 'Tue Oct 28 2025 15:02:40 GMT+0800 (Philippine Standard Time)');
INSERT INTO "user" ("id", "email", "password", "firstName", "lastName", "middleName", "contactNumber", "address", "status", "otpEnabled", "createdAt", "updatedAt") VALUES ('cmh9yfiyd0002vl0kabgq16uy', '0llabresfrancis0@gmail.com', '$2b$10$L/GpGV29QaF2O/ZX0BtgWOx8jKNjhGsUOCqQ7YZ8S5QHBM1RtaMjG', 'Mark Francis', 'Llabres', NULL, '+63 9159955492', '', 'ACTIVE', FALSE, 'Tue Oct 28 2025 10:35:36 GMT+0800 (Philippine Standard Time)', 'Tue Oct 28 2025 15:39:01 GMT+0800 (Philippine Standard Time)');

INSERT INTO "patient" ("id", "userId", "firstName", "lastName", "middleName", "dateOfBirth", "gender", "bloodType", "address", "contactNumber", "emergencyContact", "guardianName", "guardianUserId", "birthWeight", "birthLength", "motherName", "fatherName", "placeOfBirth", "createdAt", "updatedAt") VALUES ('cmh99814n000fvldcae0wxcj0', NULL, 'Pedro', 'Garcia', NULL, 'Mon May 20 2019 08:00:00 GMT+0800 (Philippine Standard Time)', 'Male', 'A+', 'Purok 3', '09123456793', '09123456794', 'Rosa Garcia', NULL, NULL, NULL, NULL, NULL, NULL, 'Mon Oct 27 2025 22:49:56 GMT+0800 (Philippine Standard Time)', 'Mon Oct 27 2025 22:49:56 GMT+0800 (Philippine Standard Time)');
INSERT INTO "patient" ("id", "userId", "firstName", "lastName", "middleName", "dateOfBirth", "gender", "bloodType", "address", "contactNumber", "emergencyContact", "guardianName", "guardianUserId", "birthWeight", "birthLength", "motherName", "fatherName", "placeOfBirth", "createdAt", "updatedAt") VALUES ('cmh99814o000hvldceemcuood', 'cmh998143000dvldcwi7cg3xy', 'Ana', 'Dela Cruz', NULL, 'Wed Jan 15 2020 08:00:00 GMT+0800 (Philippine Standard Time)', 'Female', 'O+', 'Purok 2', '09123456791', '09123456792', 'Juan Dela Cruz', NULL, NULL, NULL, NULL, NULL, NULL, 'Mon Oct 27 2025 22:49:56 GMT+0800 (Philippine Standard Time)', 'Mon Oct 27 2025 22:49:56 GMT+0800 (Philippine Standard Time)');
INSERT INTO "patient" ("id", "userId", "firstName", "lastName", "middleName", "dateOfBirth", "gender", "bloodType", "address", "contactNumber", "emergencyContact", "guardianName", "guardianUserId", "birthWeight", "birthLength", "motherName", "fatherName", "placeOfBirth", "createdAt", "updatedAt") VALUES ('sample-patient-1', 'cmh998143000dvldcwi7cg3xy', 'Maria', 'Santos', 'Cruz', 'Wed May 15 1985 08:00:00 GMT+0800 (Philippine Standard Time)', 'Female', 'O+', 'Purok 1, Main Street', '09171234567', '09187654321', NULL, NULL, NULL, NULL, NULL, NULL, NULL, 'Mon Oct 27 2025 22:50:34 GMT+0800 (Philippine Standard Time)', 'Mon Oct 27 2025 22:50:34 GMT+0800 (Philippine Standard Time)');
INSERT INTO "patient" ("id", "userId", "firstName", "lastName", "middleName", "dateOfBirth", "gender", "bloodType", "address", "contactNumber", "emergencyContact", "guardianName", "guardianUserId", "birthWeight", "birthLength", "motherName", "fatherName", "placeOfBirth", "createdAt", "updatedAt") VALUES ('sample-patient-2', 'cmh998143000dvldcwi7cg3xy', 'Juan', 'Dela Cruz', 'Reyes', 'Mon Aug 20 1990 08:00:00 GMT+0800 (Philippine Standard Time)', 'Male', 'A+', 'Purok 2, Second Street', '09181234567', '09191234567', NULL, NULL, NULL, NULL, NULL, NULL, NULL, 'Mon Oct 27 2025 22:50:34 GMT+0800 (Philippine Standard Time)', 'Mon Oct 27 2025 22:50:34 GMT+0800 (Philippine Standard Time)');
INSERT INTO "patient" ("id", "userId", "firstName", "lastName", "middleName", "dateOfBirth", "gender", "bloodType", "address", "contactNumber", "emergencyContact", "guardianName", "guardianUserId", "birthWeight", "birthLength", "motherName", "fatherName", "placeOfBirth", "createdAt", "updatedAt") VALUES ('sample-patient-3', NULL, 'Ana', 'Garcia', 'Lopez', 'Tue Mar 10 2020 08:00:00 GMT+0800 (Philippine Standard Time)', 'Female', 'B+', 'Purok 3, Third Street', '09161234567', '09151234567', NULL, NULL, NULL, NULL, NULL, NULL, NULL, 'Mon Oct 27 2025 22:50:34 GMT+0800 (Philippine Standard Time)', 'Mon Oct 27 2025 22:50:34 GMT+0800 (Philippine Standard Time)');

INSERT INTO "daycareStudent" ("id", "registrationId", "firstName", "lastName", "middleName", "dateOfBirth", "gender", "address", "allergies", "medicalConditions", "emergencyContact", "enrollmentDate", "status", "createdAt", "updatedAt") VALUES ('cmh99815b000rvldc1i7zrf8s', 'cmh998157000pvldcr7kd624m', 'Ana', 'Dela Cruz', NULL, 'Wed Jan 15 2020 08:00:00 GMT+0800 (Philippine Standard Time)', 'Female', 'Purok 2', NULL, NULL, '09123456792', 'Mon Oct 27 2025 22:49:56 GMT+0800 (Philippine Standard Time)', 'ACTIVE', 'Mon Oct 27 2025 22:49:56 GMT+0800 (Philippine Standard Time)', 'Mon Oct 27 2025 22:49:56 GMT+0800 (Philippine Standard Time)');
INSERT INTO "daycareStudent" ("id", "registrationId", "firstName", "lastName", "middleName", "dateOfBirth", "gender", "address", "allergies", "medicalConditions", "emergencyContact", "enrollmentDate", "status", "createdAt", "updatedAt") VALUES ('sample-student-2', 'sample-reg-2', 'Sofia', 'Reyes', 'Garcia', 'Sat Mar 20 2021 08:00:00 GMT+0800 (Philippine Standard Time)', 'Female', 'Purok 2, Second Street', NULL, NULL, '09191234567', 'Mon Oct 27 2025 22:50:34 GMT+0800 (Philippine Standard Time)', 'ACTIVE', 'Mon Oct 27 2025 22:50:34 GMT+0800 (Philippine Standard Time)', 'Mon Oct 27 2025 22:50:34 GMT+0800 (Philippine Standard Time)');
INSERT INTO "daycareStudent" ("id", "registrationId", "firstName", "lastName", "middleName", "dateOfBirth", "gender", "address", "allergies", "medicalConditions", "emergencyContact", "enrollmentDate", "status", "createdAt", "updatedAt") VALUES ('sample-student-1', 'sample-reg-1', 'Miguel', 'Santos', 'Cruz', 'Wed Jan 15 2020 08:00:00 GMT+0800 (Philippine Standard Time)', 'Male', 'Purok 1, Main Street', NULL, NULL, '09187654321', 'Mon Oct 27 2025 22:50:34 GMT+0800 (Philippine Standard Time)', 'ACTIVE', 'Mon Oct 27 2025 22:50:34 GMT+0800 (Philippine Standard Time)', 'Mon Oct 27 2025 22:50:34 GMT+0800 (Philippine Standard Time)');

INSERT INTO "event" ("id", "title", "description", "eventDate", "startTime", "endTime", "location", "category", "maxParticipants", "status", "createdBy", "publishedAt", "createdAt", "updatedAt") VALUES ('cmh99815n000wvldcfqb6e3xt', 'Youth Basketball Tournament', 'Annual basketball tournament for youth', 'Thu Feb 15 2024 08:00:00 GMT+0800 (Philippine Standard Time)', 'Thu Feb 15 2024 16:00:00 GMT+0800 (Philippine Standard Time)', 'Fri Feb 16 2024 01:00:00 GMT+0800 (Philippine Standard Time)', 'Barangay Basketball Court', 'Sports', 50, 'COMPLETED', 'cmh998143000cvldcoazutxs8', 'Mon Jan 01 2024 08:00:00 GMT+0800 (Philippine Standard Time)', 'Mon Oct 27 2025 22:49:56 GMT+0800 (Philippine Standard Time)', 'Mon Oct 27 2025 22:49:56 GMT+0800 (Philippine Standard Time)');
INSERT INTO "event" ("id", "title", "description", "eventDate", "startTime", "endTime", "location", "category", "maxParticipants", "status", "createdBy", "publishedAt", "createdAt", "updatedAt") VALUES ('sample-event-1', 'Community Basketball Tournament', 'Annual inter-purok basketball tournament. All youth are invited to participate!', 'Mon Nov 10 2025 18:00:00 GMT+0800 (Philippine Standard Time)', 'Mon Nov 10 2025 14:00:00 GMT+0800 (Philippine Standard Time)', 'Mon Nov 10 2025 18:00:00 GMT+0800 (Philippine Standard Time)', 'Barangay Covered Court', 'SPORTS', 100, 'PUBLISHED', 'cmh998143000cvldcoazutxs8', NULL, 'Mon Oct 27 2025 22:50:34 GMT+0800 (Philippine Standard Time)', 'Mon Oct 27 2025 22:50:34 GMT+0800 (Philippine Standard Time)');
INSERT INTO "event" ("id", "title", "description", "eventDate", "startTime", "endTime", "location", "category", "maxParticipants", "status", "createdBy", "publishedAt", "createdAt", "updatedAt") VALUES ('sample-event-2', 'Youth Leadership Training', 'Skills development workshop for aspiring youth leaders. Free snacks and certificates provided.', 'Wed Nov 26 2025 16:00:00 GMT+0800 (Philippine Standard Time)', 'Wed Nov 26 2025 09:00:00 GMT+0800 (Philippine Standard Time)', 'Wed Nov 26 2025 16:00:00 GMT+0800 (Philippine Standard Time)', 'Barangay Hall - Conference Room', 'TRAINING', 50, 'PUBLISHED', 'cmh998143000cvldcoazutxs8', NULL, 'Mon Oct 27 2025 22:50:34 GMT+0800 (Philippine Standard Time)', 'Mon Oct 27 2025 22:50:34 GMT+0800 (Philippine Standard Time)');

INSERT INTO "systemSettings" ("id", "barangayName", "barangayAddress", "barangayEmail", "barangayContactNumber", "captainName", "systemName", "systemVersion", "timezone", "dateFormat", "maintenanceMode", "allowRegistration", "requireApproval", "emailNotifications", "smsNotifications", "autoApproveRegistrations", "sessionTimeout", "maxLoginAttempts", "passwordExpiryDays", "backupFrequency", "lastBackupDate", "createdAt", "updatedAt") VALUES ('cmh9yi3ma0003vl0k7scb1l1h', 'Barangay Binitayan', 'Daraga, Albay, Philippines', 'barangaybinitayan@gmail.com', '+63 XXX XXX XXXX', NULL, 'Gabay Barangay', '1.0.0', 'Asia/Manila', 'MM/DD/YYYY', FALSE, TRUE, TRUE, TRUE, FALSE, FALSE, 30, 5, 90, 'daily', NULL, 'Tue Oct 28 2025 10:37:36 GMT+0800 (Philippine Standard Time)', 'Tue Oct 28 2025 10:37:36 GMT+0800 (Philippine Standard Time)');

INSERT INTO "auditLog" ("id", "userId", "action", "entityType", "entityId", "changes", "ipAddress", "userAgent", "timestamp") VALUES ('cmh9yjik50005vl0kh0r20gdb', 'cmh998143000cvldcoazutxs8', 'Updated user status to ACTIVE', 'USER', 'cmh9yfiyd0002vl0kabgq16uy', '[object Object]', NULL, NULL, 'Tue Oct 28 2025 10:38:42 GMT+0800 (Philippine Standard Time)');
INSERT INTO "auditLog" ("id", "userId", "action", "entityType", "entityId", "changes", "ipAddress", "userAgent", "timestamp") VALUES ('cmh9ykwf80007vl0krgq76ayd', 'cmh998143000cvldcoazutxs8', 'Updated user roles to SK_CHAIRMAN', 'USER', 'cmh9yfiyd0002vl0kabgq16uy', '[object Object]', NULL, NULL, 'Tue Oct 28 2025 10:39:47 GMT+0800 (Philippine Standard Time)');
INSERT INTO "auditLog" ("id", "userId", "action", "entityType", "entityId", "changes", "ipAddress", "userAgent", "timestamp") VALUES ('cmh9ykwgb0009vl0k6q406503', 'cmh998143000cvldcoazutxs8', 'Updated user details: Mark Francis Llabres (0llabresfrancis0@gmail.com)', 'USER', 'cmh9yfiyd0002vl0kabgq16uy', '[object Object]', NULL, NULL, 'Tue Oct 28 2025 10:39:47 GMT+0800 (Philippine Standard Time)');
INSERT INTO "auditLog" ("id", "userId", "action", "entityType", "entityId", "changes", "ipAddress", "userAgent", "timestamp") VALUES ('cmh9z8d0u0002vlt8leikwbkd', 'cmh998143000cvldcoazutxs8', 'Created new user: juan two (resident@gmail.com)', 'USER', 'cmh9z8czo0000vlt8ex5mfq1m', '[object Object]', NULL, NULL, 'Tue Oct 28 2025 10:58:02 GMT+0800 (Philippine Standard Time)');
INSERT INTO "auditLog" ("id", "userId", "action", "entityType", "entityId", "changes", "ipAddress", "userAgent", "timestamp") VALUES ('cmh9zezrc0004vlt89xcw02mt', 'cmh998143000cvldcoazutxs8', 'Updated user roles to PARENT_RESIDENT', 'USER', 'cmh998143000dvldcwi7cg3xy', '[object Object]', NULL, NULL, 'Tue Oct 28 2025 11:03:11 GMT+0800 (Philippine Standard Time)');
INSERT INTO "auditLog" ("id", "userId", "action", "entityType", "entityId", "changes", "ipAddress", "userAgent", "timestamp") VALUES ('cmh9zezsl0006vlt80lh9vt45', 'cmh998143000cvldcoazutxs8', 'Updated user details: Juan Dela Cruz (parent@theycare.com)', 'USER', 'cmh998143000dvldcwi7cg3xy', '[object Object]', NULL, NULL, 'Tue Oct 28 2025 11:03:11 GMT+0800 (Philippine Standard Time)');
INSERT INTO "auditLog" ("id", "userId", "action", "entityType", "entityId", "changes", "ipAddress", "userAgent", "timestamp") VALUES ('cmh9zyt1x000avlt8it9zwu2p', 'cmh998143000cvldcoazutxs8', 'Updated user roles to DAYCARE_TEACHER', 'USER', 'cmh9yfiyd0002vl0kabgq16uy', '[object Object]', NULL, NULL, 'Tue Oct 28 2025 11:18:35 GMT+0800 (Philippine Standard Time)');
INSERT INTO "auditLog" ("id", "userId", "action", "entityType", "entityId", "changes", "ipAddress", "userAgent", "timestamp") VALUES ('cmh9zyt2p000cvlt8g5yjvw7c', 'cmh998143000cvldcoazutxs8', 'Updated user details: Mark Francis Llabres (0llabresfrancis0@gmail.com)', 'USER', 'cmh9yfiyd0002vl0kabgq16uy', '[object Object]', NULL, NULL, 'Tue Oct 28 2025 11:18:35 GMT+0800 (Philippine Standard Time)');
INSERT INTO "auditLog" ("id", "userId", "action", "entityType", "entityId", "changes", "ipAddress", "userAgent", "timestamp") VALUES ('cmha08wup000evlt86hlwr3gj', 'cmh998143000cvldcoazutxs8', 'Updated user roles to SK_OFFICER', 'USER', 'cmh9yfiyd0002vl0kabgq16uy', '[object Object]', NULL, NULL, 'Tue Oct 28 2025 11:26:27 GMT+0800 (Philippine Standard Time)');
INSERT INTO "auditLog" ("id", "userId", "action", "entityType", "entityId", "changes", "ipAddress", "userAgent", "timestamp") VALUES ('cmha08wvm000gvlt8iibhwmqi', 'cmh998143000cvldcoazutxs8', 'Updated user details: Mark Francis Llabres (0llabresfrancis0@gmail.com)', 'USER', 'cmh9yfiyd0002vl0kabgq16uy', '[object Object]', NULL, NULL, 'Tue Oct 28 2025 11:26:27 GMT+0800 (Philippine Standard Time)');
INSERT INTO "auditLog" ("id", "userId", "action", "entityType", "entityId", "changes", "ipAddress", "userAgent", "timestamp") VALUES ('cmha0c05h000ivlt8al53doi7', 'cmh998143000cvldcoazutxs8', 'Updated user roles to PARENT_RESIDENT', 'USER', 'cmh9yfiyd0002vl0kabgq16uy', '[object Object]', NULL, NULL, 'Tue Oct 28 2025 11:28:51 GMT+0800 (Philippine Standard Time)');
INSERT INTO "auditLog" ("id", "userId", "action", "entityType", "entityId", "changes", "ipAddress", "userAgent", "timestamp") VALUES ('cmha0c05w000kvlt8syj57oh6', 'cmh998143000cvldcoazutxs8', 'Updated user details: Mark Francis Llabres (0llabresfrancis0@gmail.com)', 'USER', 'cmh9yfiyd0002vl0kabgq16uy', '[object Object]', NULL, NULL, 'Tue Oct 28 2025 11:28:51 GMT+0800 (Philippine Standard Time)');
INSERT INTO "auditLog" ("id", "userId", "action", "entityType", "entityId", "changes", "ipAddress", "userAgent", "timestamp") VALUES ('cmha0hxue000mvlt807bizv9d', 'cmh998143000cvldcoazutxs8', 'Updated system settings', 'SYSTEM', 'cmh9yi3ma0003vl0k7scb1l1h', '[object Object]', NULL, NULL, 'Tue Oct 28 2025 11:33:28 GMT+0800 (Philippine Standard Time)');
INSERT INTO "auditLog" ("id", "userId", "action", "entityType", "entityId", "changes", "ipAddress", "userAgent", "timestamp") VALUES ('cmha2qiyq000ovlt8z0l211mz', 'cmh998143000cvldcoazutxs8', 'Updated system settings', 'SYSTEM', 'cmh9yi3ma0003vl0k7scb1l1h', '[object Object]', NULL, NULL, 'Tue Oct 28 2025 12:36:08 GMT+0800 (Philippine Standard Time)');
INSERT INTO "auditLog" ("id", "userId", "action", "entityType", "entityId", "changes", "ipAddress", "userAgent", "timestamp") VALUES ('cmha2riyd000qvlt87m6dlz1k', 'cmh998143000cvldcoazutxs8', 'Updated user roles to BARANGAY_CAPTAIN', 'USER', 'cmh9yfiyd0002vl0kabgq16uy', '[object Object]', NULL, NULL, 'Tue Oct 28 2025 12:36:55 GMT+0800 (Philippine Standard Time)');
INSERT INTO "auditLog" ("id", "userId", "action", "entityType", "entityId", "changes", "ipAddress", "userAgent", "timestamp") VALUES ('cmha2riys000svlt84zbbc2ly', 'cmh998143000cvldcoazutxs8', 'Updated user details: Mark Francis Llabres (0llabresfrancis0@gmail.com)', 'USER', 'cmh9yfiyd0002vl0kabgq16uy', '[object Object]', NULL, NULL, 'Tue Oct 28 2025 12:36:55 GMT+0800 (Philippine Standard Time)');
INSERT INTO "auditLog" ("id", "userId", "action", "entityType", "entityId", "changes", "ipAddress", "userAgent", "timestamp") VALUES ('cmha2tvnh000uvlt8x9c1x9g1', 'cmh998143000cvldcoazutxs8', 'Updated user roles to BHW', 'USER', 'cmh9yfiyd0002vl0kabgq16uy', '[object Object]', NULL, NULL, 'Tue Oct 28 2025 12:38:44 GMT+0800 (Philippine Standard Time)');
INSERT INTO "auditLog" ("id", "userId", "action", "entityType", "entityId", "changes", "ipAddress", "userAgent", "timestamp") VALUES ('cmha2tvo3000wvlt8no86ngv9', 'cmh998143000cvldcoazutxs8', 'Updated user details: Mark Francis Llabres (0llabresfrancis0@gmail.com)', 'USER', 'cmh9yfiyd0002vl0kabgq16uy', '[object Object]', NULL, NULL, 'Tue Oct 28 2025 12:38:44 GMT+0800 (Philippine Standard Time)');
INSERT INTO "auditLog" ("id", "userId", "action", "entityType", "entityId", "changes", "ipAddress", "userAgent", "timestamp") VALUES ('cmha2unu7000yvlt8v7unwloh', 'cmh998143000cvldcoazutxs8', 'Updated user roles to BARANGAY_CAPTAIN', 'USER', 'cmh9yfiyd0002vl0kabgq16uy', '[object Object]', NULL, NULL, 'Tue Oct 28 2025 12:39:21 GMT+0800 (Philippine Standard Time)');
INSERT INTO "auditLog" ("id", "userId", "action", "entityType", "entityId", "changes", "ipAddress", "userAgent", "timestamp") VALUES ('cmha2unv00010vlt8c085phba', 'cmh998143000cvldcoazutxs8', 'Updated user details: Mark Francis Llabres (0llabresfrancis0@gmail.com)', 'USER', 'cmh9yfiyd0002vl0kabgq16uy', '[object Object]', NULL, NULL, 'Tue Oct 28 2025 12:39:21 GMT+0800 (Philippine Standard Time)');
INSERT INTO "auditLog" ("id", "userId", "action", "entityType", "entityId", "changes", "ipAddress", "userAgent", "timestamp") VALUES ('cmha2v6ee0012vlt8eb2w8lvx', 'cmh998143000cvldcoazutxs8', 'Updated user roles to BHW_COORDINATOR', 'USER', 'cmh9yfiyd0002vl0kabgq16uy', '[object Object]', NULL, NULL, 'Tue Oct 28 2025 12:39:45 GMT+0800 (Philippine Standard Time)');
INSERT INTO "auditLog" ("id", "userId", "action", "entityType", "entityId", "changes", "ipAddress", "userAgent", "timestamp") VALUES ('cmha2v6ex0014vlt8iayyw9gx', 'cmh998143000cvldcoazutxs8', 'Updated user details: Mark Francis Llabres (0llabresfrancis0@gmail.com)', 'USER', 'cmh9yfiyd0002vl0kabgq16uy', '[object Object]', NULL, NULL, 'Tue Oct 28 2025 12:39:45 GMT+0800 (Philippine Standard Time)');
INSERT INTO "auditLog" ("id", "userId", "action", "entityType", "entityId", "changes", "ipAddress", "userAgent", "timestamp") VALUES ('cmha44qx10001vl7k1pijobxx', 'cmh998143000cvldcoazutxs8', 'Updated user roles to SYSTEM_ADMIN, DAYCARE_TEACHER', 'USER', 'cmh998143000cvldcoazutxs8', '[object Object]', NULL, NULL, 'Tue Oct 28 2025 13:15:11 GMT+0800 (Philippine Standard Time)');
INSERT INTO "auditLog" ("id", "userId", "action", "entityType", "entityId", "changes", "ipAddress", "userAgent", "timestamp") VALUES ('cmha44qy20003vl7k2frkwwma', 'cmh998143000cvldcoazutxs8', 'Updated user details: System Admin (admin@theycare.com)', 'USER', 'cmh998143000cvldcoazutxs8', '[object Object]', NULL, NULL, 'Tue Oct 28 2025 13:15:11 GMT+0800 (Philippine Standard Time)');
INSERT INTO "auditLog" ("id", "userId", "action", "entityType", "entityId", "changes", "ipAddress", "userAgent", "timestamp") VALUES ('cmha46ht40006vl7k1mgeacth', 'cmh998143000cvldcoazutxs8', 'Updated user roles to SYSTEM_ADMIN, DAYCARE_TEACHER, PARENT_RESIDENT', 'USER', 'cmh998143000cvldcoazutxs8', '[object Object]', NULL, NULL, 'Tue Oct 28 2025 13:16:33 GMT+0800 (Philippine Standard Time)');
INSERT INTO "auditLog" ("id", "userId", "action", "entityType", "entityId", "changes", "ipAddress", "userAgent", "timestamp") VALUES ('cmha46htq0008vl7kp6hxslrs', 'cmh998143000cvldcoazutxs8', 'Updated user details: System Admin (admin@theycare.com)', 'USER', 'cmh998143000cvldcoazutxs8', '[object Object]', NULL, NULL, 'Tue Oct 28 2025 13:16:33 GMT+0800 (Philippine Standard Time)');
INSERT INTO "auditLog" ("id", "userId", "action", "entityType", "entityId", "changes", "ipAddress", "userAgent", "timestamp") VALUES ('cmha628wu000bvl7kcxm7sobe', 'cmh998143000cvldcoazutxs8', 'Created new user: Anne Smith (anne@gmail.com)', 'USER', 'cmha628vr0009vl7kvg509w7n', '[object Object]', NULL, NULL, 'Tue Oct 28 2025 14:09:14 GMT+0800 (Philippine Standard Time)');
INSERT INTO "auditLog" ("id", "userId", "action", "entityType", "entityId", "changes", "ipAddress", "userAgent", "timestamp") VALUES ('cmha66ape000dvl7kj3c277mt', 'cmh998143000cvldcoazutxs8', 'Updated user roles to DAYCARE_TEACHER', 'USER', 'cmh9yfiyd0002vl0kabgq16uy', '[object Object]', NULL, NULL, 'Tue Oct 28 2025 14:12:23 GMT+0800 (Philippine Standard Time)');
INSERT INTO "auditLog" ("id", "userId", "action", "entityType", "entityId", "changes", "ipAddress", "userAgent", "timestamp") VALUES ('cmha66apv000fvl7k7phxao89', 'cmh998143000cvldcoazutxs8', 'Updated user details: Mark Francis Llabres (0llabresfrancis0@gmail.com)', 'USER', 'cmh9yfiyd0002vl0kabgq16uy', '[object Object]', NULL, NULL, 'Tue Oct 28 2025 14:12:23 GMT+0800 (Philippine Standard Time)');
INSERT INTO "auditLog" ("id", "userId", "action", "entityType", "entityId", "changes", "ipAddress", "userAgent", "timestamp") VALUES ('cmha78rpf000hvl7kckceanta', 'cmh998143000cvldcoazutxs8', 'Updated user roles to SYSTEM_ADMIN', 'USER', 'cmh998143000cvldcoazutxs8', '[object Object]', NULL, NULL, 'Tue Oct 28 2025 14:42:18 GMT+0800 (Philippine Standard Time)');
INSERT INTO "auditLog" ("id", "userId", "action", "entityType", "entityId", "changes", "ipAddress", "userAgent", "timestamp") VALUES ('cmha78rq8000jvl7ktdnmtd5s', 'cmh998143000cvldcoazutxs8', 'Updated user details: System Admin (admin@theycare.com)', 'USER', 'cmh998143000cvldcoazutxs8', '[object Object]', NULL, NULL, 'Tue Oct 28 2025 14:42:18 GMT+0800 (Philippine Standard Time)');
INSERT INTO "auditLog" ("id", "userId", "action", "entityType", "entityId", "changes", "ipAddress", "userAgent", "timestamp") VALUES ('cmha7ui0x000mvl7ky21illdu', 'cmh998143000cvldcoazutxs8', 'Updated user roles to BARANGAY_CAPTAIN', 'USER', 'cmh9yfiyd0002vl0kabgq16uy', '[object Object]', NULL, NULL, 'Tue Oct 28 2025 14:59:11 GMT+0800 (Philippine Standard Time)');
INSERT INTO "auditLog" ("id", "userId", "action", "entityType", "entityId", "changes", "ipAddress", "userAgent", "timestamp") VALUES ('cmha7ui1e000ovl7kil8ldf7t', 'cmh998143000cvldcoazutxs8', 'Updated user details: Mark Francis Llabres (0llabresfrancis0@gmail.com)', 'USER', 'cmh9yfiyd0002vl0kabgq16uy', '[object Object]', NULL, NULL, 'Tue Oct 28 2025 14:59:11 GMT+0800 (Philippine Standard Time)');
INSERT INTO "auditLog" ("id", "userId", "action", "entityType", "entityId", "changes", "ipAddress", "userAgent", "timestamp") VALUES ('cmha7y9om000rvl7k828ck9dw', 'cmh998143000cvldcoazutxs8', 'Updated user status to ACTIVE', 'USER', 'cmha7xbb6000pvl7k7m1dexac', '[object Object]', NULL, NULL, 'Tue Oct 28 2025 15:02:07 GMT+0800 (Philippine Standard Time)');
INSERT INTO "auditLog" ("id", "userId", "action", "entityType", "entityId", "changes", "ipAddress", "userAgent", "timestamp") VALUES ('cmha7ypxf000tvl7kg2p38nef', 'cmh998143000cvldcoazutxs8', 'Updated user status to SUSPENDED', 'USER', 'cmha7xbb6000pvl7k7m1dexac', '[object Object]', NULL, NULL, 'Tue Oct 28 2025 15:02:28 GMT+0800 (Philippine Standard Time)');
INSERT INTO "auditLog" ("id", "userId", "action", "entityType", "entityId", "changes", "ipAddress", "userAgent", "timestamp") VALUES ('cmha7yuah000vvl7kls2c3cnr', 'cmh998143000cvldcoazutxs8', 'Updated user status to ACTIVE', 'USER', 'cmha7xbb6000pvl7k7m1dexac', '[object Object]', NULL, NULL, 'Tue Oct 28 2025 15:02:34 GMT+0800 (Philippine Standard Time)');
INSERT INTO "auditLog" ("id", "userId", "action", "entityType", "entityId", "changes", "ipAddress", "userAgent", "timestamp") VALUES ('cmha7yz28000xvl7krwmeqcaz', 'cmh998143000cvldcoazutxs8', 'Updated user roles to PARENT_RESIDENT', 'USER', 'cmha7xbb6000pvl7k7m1dexac', '[object Object]', NULL, NULL, 'Tue Oct 28 2025 15:02:40 GMT+0800 (Philippine Standard Time)');
INSERT INTO "auditLog" ("id", "userId", "action", "entityType", "entityId", "changes", "ipAddress", "userAgent", "timestamp") VALUES ('cmha7yz2l000zvl7klio81ysa', 'cmh998143000cvldcoazutxs8', 'Updated user details: Ethan Cruz (ethancruz@gmail.com)', 'USER', 'cmha7xbb6000pvl7k7m1dexac', '[object Object]', NULL, NULL, 'Tue Oct 28 2025 15:02:40 GMT+0800 (Philippine Standard Time)');
INSERT INTO "auditLog" ("id", "userId", "action", "entityType", "entityId", "changes", "ipAddress", "userAgent", "timestamp") VALUES ('cmha808290013vl7ko97rx2hw', 'cmh998143000cvldcoazutxs8', 'Updated user roles to SYSTEM_ADMIN, SK_OFFICER', 'USER', 'cmh998143000cvldcoazutxs8', '[object Object]', NULL, NULL, 'Tue Oct 28 2025 15:03:38 GMT+0800 (Philippine Standard Time)');
INSERT INTO "auditLog" ("id", "userId", "action", "entityType", "entityId", "changes", "ipAddress", "userAgent", "timestamp") VALUES ('cmha8082m0015vl7kmsbpntzt', 'cmh998143000cvldcoazutxs8', 'Updated user details: System Admin (admin@theycare.com)', 'USER', 'cmh998143000cvldcoazutxs8', '[object Object]', NULL, NULL, 'Tue Oct 28 2025 15:03:38 GMT+0800 (Philippine Standard Time)');
INSERT INTO "auditLog" ("id", "userId", "action", "entityType", "entityId", "changes", "ipAddress", "userAgent", "timestamp") VALUES ('cmha87oxh0017vl7ke31ip5sh', 'cmh998143000cvldcoazutxs8', 'Updated user roles to BHW', 'USER', 'cmh9yfiyd0002vl0kabgq16uy', '[object Object]', NULL, NULL, 'Tue Oct 28 2025 15:09:27 GMT+0800 (Philippine Standard Time)');
INSERT INTO "auditLog" ("id", "userId", "action", "entityType", "entityId", "changes", "ipAddress", "userAgent", "timestamp") VALUES ('cmha87oxw0019vl7kavers7lw', 'cmh998143000cvldcoazutxs8', 'Updated user details: Mark Francis Llabres (0llabresfrancis0@gmail.com)', 'USER', 'cmh9yfiyd0002vl0kabgq16uy', '[object Object]', NULL, NULL, 'Tue Oct 28 2025 15:09:27 GMT+0800 (Philippine Standard Time)');
INSERT INTO "auditLog" ("id", "userId", "action", "entityType", "entityId", "changes", "ipAddress", "userAgent", "timestamp") VALUES ('cmha8j9kg001dvl7kgb90ozoz', 'cmh998143000cvldcoazutxs8', 'Updated user roles to BHW_COORDINATOR', 'USER', 'cmh9yfiyd0002vl0kabgq16uy', '[object Object]', NULL, NULL, 'Tue Oct 28 2025 15:18:27 GMT+0800 (Philippine Standard Time)');
INSERT INTO "auditLog" ("id", "userId", "action", "entityType", "entityId", "changes", "ipAddress", "userAgent", "timestamp") VALUES ('cmha8j9le001fvl7kzql1qdv8', 'cmh998143000cvldcoazutxs8', 'Updated user details: Mark Francis Llabres (0llabresfrancis0@gmail.com)', 'USER', 'cmh9yfiyd0002vl0kabgq16uy', '[object Object]', NULL, NULL, 'Tue Oct 28 2025 15:18:27 GMT+0800 (Philippine Standard Time)');
INSERT INTO "auditLog" ("id", "userId", "action", "entityType", "entityId", "changes", "ipAddress", "userAgent", "timestamp") VALUES ('cmha8m0c9001hvl7kgknls1rq', 'cmh998143000cvldcoazutxs8', 'Updated user roles to SK_OFFICER', 'USER', 'cmh9yfiyd0002vl0kabgq16uy', '[object Object]', NULL, NULL, 'Tue Oct 28 2025 15:20:35 GMT+0800 (Philippine Standard Time)');
INSERT INTO "auditLog" ("id", "userId", "action", "entityType", "entityId", "changes", "ipAddress", "userAgent", "timestamp") VALUES ('cmha8m0d3001jvl7kkldkw59p', 'cmh998143000cvldcoazutxs8', 'Updated user details: Mark Francis Llabres (0llabresfrancis0@gmail.com)', 'USER', 'cmh9yfiyd0002vl0kabgq16uy', '[object Object]', NULL, NULL, 'Tue Oct 28 2025 15:20:35 GMT+0800 (Philippine Standard Time)');
INSERT INTO "auditLog" ("id", "userId", "action", "entityType", "entityId", "changes", "ipAddress", "userAgent", "timestamp") VALUES ('cmha8twg0001lvl7k3io8pkt3', 'cmh998143000cvldcoazutxs8', 'Updated user roles to SYSTEM_ADMIN', 'USER', 'cmh998143000cvldcoazutxs8', '[object Object]', NULL, NULL, 'Tue Oct 28 2025 15:26:43 GMT+0800 (Philippine Standard Time)');
INSERT INTO "auditLog" ("id", "userId", "action", "entityType", "entityId", "changes", "ipAddress", "userAgent", "timestamp") VALUES ('cmha8twgy001nvl7knssbjit8', 'cmh998143000cvldcoazutxs8', 'Updated user details: System Admin (admin@theycare.com)', 'USER', 'cmh998143000cvldcoazutxs8', '[object Object]', NULL, NULL, 'Tue Oct 28 2025 15:26:43 GMT+0800 (Philippine Standard Time)');
INSERT INTO "auditLog" ("id", "userId", "action", "entityType", "entityId", "changes", "ipAddress", "userAgent", "timestamp") VALUES ('cmha8v9f5001pvl7ksguf7h9h', 'cmh998143000cvldcoazutxs8', 'Updated user roles to SK_CHAIRMAN', 'USER', 'cmh9yfiyd0002vl0kabgq16uy', '[object Object]', NULL, NULL, 'Tue Oct 28 2025 15:27:47 GMT+0800 (Philippine Standard Time)');
INSERT INTO "auditLog" ("id", "userId", "action", "entityType", "entityId", "changes", "ipAddress", "userAgent", "timestamp") VALUES ('cmha8v9fy001rvl7kwcn8ayuw', 'cmh998143000cvldcoazutxs8', 'Updated user details: Mark Francis Llabres (0llabresfrancis0@gmail.com)', 'USER', 'cmh9yfiyd0002vl0kabgq16uy', '[object Object]', NULL, NULL, 'Tue Oct 28 2025 15:27:47 GMT+0800 (Philippine Standard Time)');
INSERT INTO "auditLog" ("id", "userId", "action", "entityType", "entityId", "changes", "ipAddress", "userAgent", "timestamp") VALUES ('cmha8ydms001tvl7ka6lwgpf5', 'cmh998143000cvldcoazutxs8', 'Updated user roles to VISITOR', 'USER', 'cmh9yfiyd0002vl0kabgq16uy', '[object Object]', NULL, NULL, 'Tue Oct 28 2025 15:30:12 GMT+0800 (Philippine Standard Time)');
INSERT INTO "auditLog" ("id", "userId", "action", "entityType", "entityId", "changes", "ipAddress", "userAgent", "timestamp") VALUES ('cmha8ydnk001vvl7kesgjgyjl', 'cmh998143000cvldcoazutxs8', 'Updated user details: Mark Francis Llabres (0llabresfrancis0@gmail.com)', 'USER', 'cmh9yfiyd0002vl0kabgq16uy', '[object Object]', NULL, NULL, 'Tue Oct 28 2025 15:30:12 GMT+0800 (Philippine Standard Time)');
INSERT INTO "auditLog" ("id", "userId", "action", "entityType", "entityId", "changes", "ipAddress", "userAgent", "timestamp") VALUES ('cmha90174001xvl7kulrwidhz', 'cmh998143000cvldcoazutxs8', 'Updated user roles to BARANGAY_OFFICIAL', 'USER', 'cmh9yfiyd0002vl0kabgq16uy', '[object Object]', NULL, NULL, 'Tue Oct 28 2025 15:31:29 GMT+0800 (Philippine Standard Time)');
INSERT INTO "auditLog" ("id", "userId", "action", "entityType", "entityId", "changes", "ipAddress", "userAgent", "timestamp") VALUES ('cmha9017x001zvl7kuba1pnsg', 'cmh998143000cvldcoazutxs8', 'Updated user details: Mark Francis Llabres (0llabresfrancis0@gmail.com)', 'USER', 'cmh9yfiyd0002vl0kabgq16uy', '[object Object]', NULL, NULL, 'Tue Oct 28 2025 15:31:29 GMT+0800 (Philippine Standard Time)');
INSERT INTO "auditLog" ("id", "userId", "action", "entityType", "entityId", "changes", "ipAddress", "userAgent", "timestamp") VALUES ('cmha91obm0021vl7kzsrbzsdi', 'cmh998143000cvldcoazutxs8', 'Updated user roles to BARANGAY_CAPTAIN', 'USER', 'cmh9yfiyd0002vl0kabgq16uy', '[object Object]', NULL, NULL, 'Tue Oct 28 2025 15:32:46 GMT+0800 (Philippine Standard Time)');
INSERT INTO "auditLog" ("id", "userId", "action", "entityType", "entityId", "changes", "ipAddress", "userAgent", "timestamp") VALUES ('cmha91ocg0023vl7kf9k7q8d1', 'cmh998143000cvldcoazutxs8', 'Updated user details: Mark Francis Llabres (0llabresfrancis0@gmail.com)', 'USER', 'cmh9yfiyd0002vl0kabgq16uy', '[object Object]', NULL, NULL, 'Tue Oct 28 2025 15:32:46 GMT+0800 (Philippine Standard Time)');
INSERT INTO "auditLog" ("id", "userId", "action", "entityType", "entityId", "changes", "ipAddress", "userAgent", "timestamp") VALUES ('cmha97bef0025vl7khkgusbn1', 'cmh998143000cvldcoazutxs8', 'Updated user roles to DAYCARE_STAFF', 'USER', 'cmh9yfiyd0002vl0kabgq16uy', '[object Object]', NULL, NULL, 'Tue Oct 28 2025 15:37:09 GMT+0800 (Philippine Standard Time)');
INSERT INTO "auditLog" ("id", "userId", "action", "entityType", "entityId", "changes", "ipAddress", "userAgent", "timestamp") VALUES ('cmha97bfb0027vl7kv0eo8wk8', 'cmh998143000cvldcoazutxs8', 'Updated user details: Mark Francis Llabres (0llabresfrancis0@gmail.com)', 'USER', 'cmh9yfiyd0002vl0kabgq16uy', '[object Object]', NULL, NULL, 'Tue Oct 28 2025 15:37:09 GMT+0800 (Philippine Standard Time)');
INSERT INTO "auditLog" ("id", "userId", "action", "entityType", "entityId", "changes", "ipAddress", "userAgent", "timestamp") VALUES ('cmha98il70029vl7kzsmfm0fc', 'cmh998143000cvldcoazutxs8', 'Updated user details: Mark Francis Llabres (0llabresfrancis0@gmail.com)', 'USER', 'cmh9yfiyd0002vl0kabgq16uy', '[object Object]', NULL, NULL, 'Tue Oct 28 2025 15:38:05 GMT+0800 (Philippine Standard Time)');
INSERT INTO "auditLog" ("id", "userId", "action", "entityType", "entityId", "changes", "ipAddress", "userAgent", "timestamp") VALUES ('cmha99pg2002bvl7ktq950wo2', 'cmh998143000cvldcoazutxs8', 'Updated user details: Mark Francis Llabres (0llabresfrancis0@gmail.com)', 'USER', 'cmh9yfiyd0002vl0kabgq16uy', '[object Object]', NULL, NULL, 'Tue Oct 28 2025 15:39:01 GMT+0800 (Philippine Standard Time)');
INSERT INTO "auditLog" ("id", "userId", "action", "entityType", "entityId", "changes", "ipAddress", "userAgent", "timestamp") VALUES ('cmha9aawt002dvl7kzkf63vlp', 'cmh998143000cvldcoazutxs8', 'Updated user roles to SYSTEM_ADMIN, DAYCARE_TEACHER', 'USER', 'cmh998143000cvldcoazutxs8', '[object Object]', NULL, NULL, 'Tue Oct 28 2025 15:39:28 GMT+0800 (Philippine Standard Time)');
INSERT INTO "auditLog" ("id", "userId", "action", "entityType", "entityId", "changes", "ipAddress", "userAgent", "timestamp") VALUES ('cmha9aaxp002fvl7k9bu54rux', 'cmh998143000cvldcoazutxs8', 'Updated user details: System Admin (admin@theycare.com)', 'USER', 'cmh998143000cvldcoazutxs8', '[object Object]', NULL, NULL, 'Tue Oct 28 2025 15:39:28 GMT+0800 (Philippine Standard Time)');

